,source,performer,type,title,URL,view,date
0,HYBE BTS 재생목록,BTS,,'Butter (feat. Megan Thee Stallion)' Official Visualizer,https://www.youtube.com/watch?v=ymaIzkXY8nQ,"27,171,754",2021. 8. 26.
1,HYBE BTS 재생목록,BTS,MV,'Permission to Dance' Official MV,https://www.youtube.com/watch?v=CuklIb9d3fI,"286,885,816",2021. 7. 9.
2,HYBE BTS 재생목록,BTS,Teaser,'Permission to Dance' Official Teaser,https://www.youtube.com/watch?v=iLycuRm1V0Q,"28,459,034",2021. 7. 7.
3,HYBE BTS 재생목록,BTS,MV,'Butter (Cooler Remix)' Official MV,https://www.youtube.com/watch?v=ilqQJrbXghQ,"32,842,504",2021. 6. 4.
4,HYBE BTS 재생목록,BTS,MV,'Butter (Hotter Remix)' Official MV,https://www.youtube.com/watch?v=YLXfyHsfFz0,"78,999,314",2021. 5. 28.
5,HYBE BTS 재생목록,BTS,,Global Press Conference 'Butter' (+ENG/JPN),https://www.youtube.com/watch?v=g9K0GD4fHFI,"7,463,261",2021. 5. 22.
6,HYBE BTS 재생목록,BTS,MV,'Butter' Official MV,https://www.youtube.com/watch?v=WMweEpGlu_U,"535,103,650",2021. 5. 21.
7,HYBE BTS 재생목록,BTS,Teaser,'Butter' Official Teaser,https://www.youtube.com/watch?v=OOMxU9f1FBU,"61,761,932",2021. 5. 19.
8,HYBE BTS 재생목록,BTS,MV,'Film out' Official MV,https://www.youtube.com/watch?v=zFT3f9biz68,"161,414,086",2021. 4. 2.
9,HYBE BTS 재생목록,BTS,Teaser,'Film out' Official Teaser,https://www.youtube.com/watch?v=E_SZ3ObGyTA,"20,039,253",2021. 3. 26.
10,HYBE BTS 재생목록,BTS,MV,'Life Goes On' Official MV : like an arrow,https://www.youtube.com/watch?v=2N-Fsa9Evo0,"11,794,752",2020. 11. 29.
11,HYBE BTS 재생목록,BTS,MV,'Life Goes On' Official MV : in the forest,https://www.youtube.com/watch?v=RvcP6V4h_q4,"73,683,749",2020. 11. 26.
12,HYBE BTS 재생목록,BTS,MV,‘Life Goes On’ Official MV : on my pillow,https://www.youtube.com/watch?v=yIvb4csSgcs,"34,400,181",2020. 11. 22.
13,HYBE BTS 재생목록,BTS,,Global Press Conference 'BE' (+ENG),https://www.youtube.com/watch?v=T31mfmw8bS8,"3,346,968",2020. 11. 21.
14,HYBE BTS 재생목록,BTS,MV,'Life Goes On' Official MV,https://www.youtube.com/watch?v=-5q5mZbe3V8,"379,472,265",2020. 11. 20.
15,HYBE BTS 재생목록,BTS,Teaser,'Life Goes On' Official Teaser 2,https://www.youtube.com/watch?v=t3KZnCgiMW0,"16,770,099",2020. 11. 19.
16,HYBE BTS 재생목록,BTS,Teaser,'Life Goes On' Official Teaser 1,https://www.youtube.com/watch?v=Wq5S8Dt_HQE,"29,103,019",2020. 11. 18.
17,HYBE BTS 재생목록,BTS,MV,'Dynamite' Official MV (Choreography ver.),https://www.youtube.com/watch?v=BflFNMl_UWY,"175,333,643",2020. 9. 26.
18,HYBE BTS 재생목록,BTS,MV,'Dynamite' Official MV (B-side),https://www.youtube.com/watch?v=BV2FdDmGiW0,"168,893,920",2020. 8. 25.
19,HYBE BTS 재생목록,BTS,MV,'Dynamite' Official MV,https://www.youtube.com/watch?v=gdZLi9oWNZg,"1,225,861,305",2020. 8. 21.
20,HYBE BTS 재생목록,BTS,Teaser,'Dynamite' Official Teaser,https://www.youtube.com/watch?v=oxoWhyS9buA,"72,045,116",2020. 8. 19.
21,HYBE BTS 재생목록,BTS,MV,'Stay Gold' Official MV,https://www.youtube.com/watch?v=9IHwqdz8Xhw,"197,803,057",2020. 6. 26.
22,HYBE BTS 재생목록,BTS,MV,We are Bulletproof : the Eternal' MV #2020BTSFESTA,https://www.youtube.com/watch?v=7UWBYJjuIL0,"77,624,710",2020. 6. 12.
23,HYBE BTS 재생목록,Agust D ,MV,대취타' MV,https://www.youtube.com/watch?v=qGjAWJ2zWWI,"284,279,254",2020. 5. 22.
24,HYBE BTS 재생목록,BTS,MV,'Black Swan' Official MV,https://www.youtube.com/watch?v=0lapF4DQPKQ,"318,247,221",2020. 3. 5.
25,HYBE BTS 재생목록,BTS,MV,'ON' Official MV,https://www.youtube.com/watch?v=mPVDGOVjRQ0,"274,337,753",2020. 2. 27.
26,HYBE BTS 재생목록,BTS,,'ON' Kinetic Manifesto Film : Come Prima,https://www.youtube.com/watch?v=gwMa6gpoE9I,"397,622,374",2020. 2. 21.
27,HYBE BTS 재생목록,BTS,,MAP OF THE SOUL : 7 'Outro : Ego' Comeback Trailer,https://www.youtube.com/watch?v=LmApDbvNCXg,"115,343,389",2020. 2. 3.
28,HYBE BTS 재생목록,BTS,,'Black Swan' Art Film performed by MN Dance Company,https://www.youtube.com/watch?v=vGbuUFRdYqU,"41,113,139",2020. 1. 17.
29,HYBE BTS 재생목록,BTS,,MAP OF THE SOUL : 7 'Interlude : Shadow' Comeback Trailer,https://www.youtube.com/watch?v=PV1gCvzpSy0,"105,199,626",2020. 1. 10.
30,HYBE BTS 재생목록,BTS,,No More Dream (Bus scene long take ver.),https://www.youtube.com/watch?v=CInMhOtzb3U,"2,102,441",2013. 6. 23.
31,HYBE BTS 재생목록,BTS,,"O! RUL8,2? Preview",https://www.youtube.com/watch?v=BfVt5jRGWCo,"1,014,920",2013. 9. 9.
32,HYBE BTS 재생목록,BTS,,Skool Luv Affair Preview,https://www.youtube.com/watch?v=iWCGayIOEGQ,"1,214,552",2014. 2. 6.
33,HYBE BTS 재생목록,BTS,,가요대제전 Intro performance Trailer,https://www.youtube.com/watch?v=S1Up-ZzHmuw,"6,538,578",2015. 1. 9.
34,HYBE BTS 재생목록,BTS,,화양연화 pt.1 Preview,https://www.youtube.com/watch?v=Smmx-FzT3DQ,"2,240,403",2015. 4. 27.
35,HYBE BTS 재생목록,BTS,,화양연화 pt.2 Preview,https://www.youtube.com/watch?v=ZUg0mRpU-hk,"2,968,374",2015. 11. 26.
36,HYBE BTS 재생목록,BTS,,LOGO ANIMATION,https://www.youtube.com/watch?v=qx27yTK_KXw,"6,423,558",2017. 7. 5.
37,HYBE BTS 재생목록,BTS,Teaser,'Danger' Official Teaser #2,https://www.youtube.com/watch?v=5dziTIhZ15w,"1,859,000",2014. 8. 14.
38,HYBE BTS 재생목록,BTS,Teaser,'I NEED U' Official Teaser,https://www.youtube.com/watch?v=Jds9ktFqh8s,"3,033,668",2015. 4. 23.
39,HYBE BTS 재생목록,BTS,MV,'Make It Right' Official MV (Vertical ver.),https://www.youtube.com/watch?v=y3rj2CDHF5c,"12,903,723",2019. 10. 25.
40,HYBE BTS 재생목록,BTS,MV,'Make It Right (feat. Lauv)' Official MV,https://www.youtube.com/watch?v=eXBu09fwe3I,"148,688,786",2019. 10. 18.
41,HYBE BTS 재생목록,j-hope ,MV,Chicken Noodle Soup (feat. Becky G)' MV,https://www.youtube.com/watch?v=i23NEQEFpgQ,"289,758,178",2019. 9. 27.
42,HYBE BTS 재생목록,BTS,MV,Lights' Official MV,https://www.youtube.com/watch?v=eaUpme4jalE,"127,347,765",2019. 7. 3.
43,HYBE BTS 재생목록,BTS,MV,'작은 것들을 위한 시 (Boy With Luv) (feat. Halsey)' Official MV ('ARMY With Luv' ver.),https://www.youtube.com/watch?v=62E_xyj_oDA,"81,294,198",2019. 4. 27.
44,HYBE BTS 재생목록,BTS,MV,'작은 것들을 위한 시 (Boy With Luv) (feat. Halsey)' Official MV,https://www.youtube.com/watch?v=XsX3ATc3FbA,"1,337,689,161",2019. 4. 12.
45,HYBE BTS 재생목록,BTS,Teaser,'작은 것들을 위한 시 (Boy With Luv) (feat. Halsey)' Official Teaser 2,https://www.youtube.com/watch?v=1zDd-3J1nTg,"43,686,932",2019. 4. 11.
46,HYBE BTS 재생목록,BTS,Teaser,'작은 것들을 위한 시 (Boy With Luv) (Feat. Halsey)' Official Teaser 1,https://www.youtube.com/watch?v=jrSsNzsi4eQ,"34,830,789",2019. 4. 8.
47,HYBE BTS 재생목록,BTS,,MAP OF THE SOUL : PERSONA 'Persona' Comeback Trailer,https://www.youtube.com/watch?v=M9Uy0opVF3s,"83,609,182",2019. 3. 28.
48,HYBE BTS 재생목록,RM ,MV,'Airplane pt.2 -Japanese ver.-' Official MV,https://www.youtube.com/watch?v=CxnJf0tWu48,"203,646,001",2018. 11. 7.
49,HYBE BTS 재생목록,RM ,,moonchild' Lyric Video,https://www.youtube.com/watch?v=G9ntaxClfrA,"16,044,084",2018. 10. 25.
50,HYBE BTS 재생목록,RM,,seoul (prod.HONNE)' Lyric Video,https://www.youtube.com/watch?v=F8wI5ZosdRA,"29,282,124",2018. 10. 24.
51,HYBE BTS 재생목록,RM,MV,forever rain'MV,https://www.youtube.com/watch?v=Cvb76hBX_Oc,"23,560,721",2018. 10. 23.
52,HYBE BTS 재생목록,BTS,MV,'IDOL (Feat. Nicki Minaj)' Official MV,https://www.youtube.com/watch?v=K1scjjbfNsk,"137,676,624",2018. 9. 7.
53,HYBE BTS 재생목록,BTS,MV,'IDOL' Official MV,https://www.youtube.com/watch?v=pBuZEGYXA6E,"991,521,388",2018. 8. 24.
54,HYBE BTS 재생목록,BTS,Teaser,'IDOL' Official Teaser,https://www.youtube.com/watch?v=Rd0UqlRf1eE,"37,557,466",2018. 8. 23.
55,HYBE BTS 재생목록,BTS,,LOVE YOURSELF 結 Answer 'Epiphany' Comeback Trailer,https://www.youtube.com/watch?v=fIkZOLsnoqY,"95,410,732",2018. 8. 10.
56,HYBE BTS 재생목록,BTS,MV,'FAKE LOVE' Official MV (Extended ver.),https://www.youtube.com/watch?v=D_6QmL6rExk,"45,903,321",2018. 6. 2.
57,HYBE BTS 재생목록,BTS,MV,'FAKE LOVE' Official MV,https://www.youtube.com/watch?v=7C2z4GqqS5E,"994,869,017",2018. 5. 18.
58,HYBE BTS 재생목록,BTS,Teaser,'FAKE LOVE' Official Teaser 2,https://www.youtube.com/watch?v=2tDKp41nrw8,"17,598,170",2018. 5. 17.
59,HYBE BTS 재생목록,BTS,Teaser,'FAKE LOVE' Official Teaser 1,https://www.youtube.com/watch?v=BP71K87Hp5Y,"20,801,599",2018. 5. 15.
60,HYBE BTS 재생목록,BTS,,LOVE YOURSELF 轉 Tear 'Singularity' Comeback Trailer,https://www.youtube.com/watch?v=p8npDG2ulKQ,"168,453,708",2018. 5. 7.
61,HYBE BTS 재생목록,BTS,,'Euphoria : Theme of LOVE YOURSELF 起 Wonder',https://www.youtube.com/watch?v=kX0vO4vlJuU,"84,719,464",2018. 4. 6.
62,HYBE BTS 재생목록,j-hope ,MV,Airplane' MV,https://www.youtube.com/watch?v=8O_MwlZ2dEg,"56,594,619",2018. 3. 7.
63,HYBE BTS 재생목록,j-hope ,MV,Daydream(백일몽)' MV,https://www.youtube.com/watch?v=OK3GJ0WIQ8s,"140,875,976",2018. 3. 2.
64,HYBE BTS 재생목록,BTS,MV,'MIC Drop -Japanese ver.-' Official MV,https://www.youtube.com/watch?v=8mBHDHIb-kM,"28,071,847",2017. 12. 6.
65,HYBE BTS 재생목록,BTS,MV,'MIC Drop (Steve Aoki Remix)' Official MV,https://www.youtube.com/watch?v=kTlv5_Bs8aw,"1,029,781,495",2017. 11. 24.
66,HYBE BTS 재생목록,BTS,MV,'MIC Drop -Japanese ver.-' (Short ver.) Official MV,https://www.youtube.com/watch?v=TxyHwwYe86Q,"5,456,402",2017. 11. 24.
67,HYBE BTS 재생목록,BTS,Teaser,'MIC Drop (Steve Aoki Remix)' Official Teaser,https://www.youtube.com/watch?v=ixxR3ZoqnF0,"14,395,412",2017. 11. 17.
68,HYBE BTS 재생목록,BTS,MV,'DNA' Official MV,https://www.youtube.com/watch?v=MBdVXkSdhwU,"1,334,932,101",2017. 9. 18.
69,HYBE BTS 재생목록,BTS ,Teaser,'DNA' Official Teaser 2,https://www.youtube.com/watch?v=g_wuoInNyAI,"19,831,037",2017. 9. 16.
70,HYBE BTS 재생목록,BTS,Teaser,'DNA' Official Teaser 1,https://www.youtube.com/watch?v=FSOxXsYVJMQ,"31,835,547",2017. 9. 15.
71,HYBE BTS 재생목록,BTS,,LOVE YOURSELF 承 Her 'Serendipity' Comeback Trailer,https://www.youtube.com/watch?v=BEMaH9Sm3lQ,"154,442,650",2017. 9. 5.
72,HYBE BTS 재생목록,BTS,,LOVE YOURSELF Highlight Reel '起承轉結',https://www.youtube.com/watch?v=EHdK5U2hf4o,"29,688,430",2017. 8. 19.
73,HYBE BTS 재생목록,BTS,,LOVE YOURSELF Highlight Reel '轉',https://www.youtube.com/watch?v=Oj-zYDbw1Co,"11,241,507",2017. 8. 18.
74,HYBE BTS 재생목록,BTS,,LOVE YOURSELF Highlight Reel '承',https://www.youtube.com/watch?v=o75Y9XWLY9M,"11,763,744",2017. 8. 17.
75,HYBE BTS 재생목록,BTS,,LOVE YOURSELF Highlight Reel '起',https://www.youtube.com/watch?v=Oqksx-xkSg8,"19,186,344",2017. 8. 16.
76,HYBE BTS 재생목록,BTS,MV,'血、汗、涙 -Japanese Ver.-' Official MV,https://www.youtube.com/watch?v=7OX7dIRReSA,"49,596,689",2017. 5. 10.
77,HYBE BTS 재생목록,BTS,Teaser,'血、汗、涙 -Japanese Ver.-' Official Teaser,https://www.youtube.com/watch?v=Bbq-XZOoSYw,"4,463,012",2017. 5. 2.
78,HYBE BTS 재생목록,"RM, Wale",, ‘Change’,https://www.youtube.com/watch?v=9rAyprZdo7o,"20,854,118",2017. 3. 20.
79,HYBE BTS 재생목록,BTS,MV,'Not Today' Official MV (Choreography Version),https://www.youtube.com/watch?v=nKDppUjuvdM,"58,151,233",2017. 2. 27.
80,HYBE BTS 재생목록,BTS,MV,'Not Today' Official MV,https://www.youtube.com/watch?v=9DwzBICPhdM,"499,875,002",2017. 2. 20.
81,HYBE BTS 재생목록,BTS,MV,'봄날 (Spring Day)' Official MV,https://www.youtube.com/watch?v=xEeFrLSkMm8,"437,206,304",2017. 2. 13.
82,HYBE BTS 재생목록,BTS,Teaser,'Not Today' Official Teaser,https://www.youtube.com/watch?v=w-9GwVG83nQ,"8,398,095",2017. 2. 11.
83,HYBE BTS 재생목록,BTS,Teaser,'봄날 (Spring Day)' Official Teaser,https://www.youtube.com/watch?v=fUZlQGxsnJY,"13,986,566",2017. 2. 10.
84,HYBE BTS 재생목록,BTS,MV,'피 땀 눈물 (Blood Sweat & Tears)' Official MV,https://www.youtube.com/watch?v=hmE9f-TEutc,"784,378,804",2016. 10. 10.
85,HYBE BTS 재생목록,BTS,Teaser,'피 땀 눈물 (Blood Sweat & Tears)' Official Teaser,https://www.youtube.com/watch?v=iEjqStYLyVQ,"12,550,878",2016. 10. 7.
86,HYBE BTS 재생목록,BTS,,WINGS 'Boy Meets Evil' Comeback Trailer,https://www.youtube.com/watch?v=iJJSh-eEdRk,"70,602,350",2016. 9. 26.
87,HYBE BTS 재생목록,BTS,,WINGS Short Film #7 AWAKE,https://www.youtube.com/watch?v=WYbrLlVelYk,"13,465,592",2016. 9. 14.
88,HYBE BTS 재생목록,BTS,,WINGS Short Film #6 MAMA,https://www.youtube.com/watch?v=wu82g0vyyTY,"8,671,667",2016. 9. 11.
89,HYBE BTS 재생목록,BTS,,WINGS Short Film #5 REFLECTION,https://www.youtube.com/watch?v=wzxjM-82RW8,"6,720,698",2016. 9. 10.
90,HYBE BTS 재생목록,BTS,,WINGS Short Film #4 FIRST LOVE,https://www.youtube.com/watch?v=7VPcnJ9oJ-k,"8,937,638",2016. 9. 9.
91,HYBE BTS 재생목록,BTS,,WINGS Short Film #3 STIGMA,https://www.youtube.com/watch?v=3i34dFsjRY4,"13,941,381",2016. 9. 8.
92,HYBE BTS 재생목록,BTS,,WINGS Short Film #2 LIE,https://www.youtube.com/watch?v=_y8-HD5O69g,"17,185,915",2016. 9. 5.
93,HYBE BTS 재생목록,BTS,,WINGS Short Film #1 BEGIN,https://www.youtube.com/watch?v=yR73I0z5ms0,"13,197,502",2016. 9. 5.
94,HYBE BTS 재생목록,Agust D,MV,‘give it to me’ MV,https://www.youtube.com/watch?v=_Zgc12yL5ss,"48,169,351",2016. 8. 18.
95,HYBE BTS 재생목록,Agust D ,MV,Agust D'MV,https://www.youtube.com/watch?v=3Y_Eiyg4bfk,"132,794,453",2016. 8. 16.
96,HYBE BTS 재생목록,BTS,MV,'Save ME' Official MV,https://www.youtube.com/watch?v=GZjt_sA2eso,"611,005,019",2016. 5. 15.
97,HYBE BTS 재생목록,BTS,MV,'불타오르네 (FIRE)' Official MV,https://www.youtube.com/watch?v=4ujQOR2DMFM,"244,630,702",2016. 5. 2.
98,HYBE BTS 재생목록,BTS,MV,'불타오르네 (FIRE)' Official MV (Choreography Version),https://www.youtube.com/watch?v=2cTZTqBU1Rc,"38,636,938",2016. 5. 10.
99,HYBE BTS 재생목록,BTS,Teaser,'불타오르네 (FIRE)' Official Teaser,https://www.youtube.com/watch?v=QH7LfLSVoW0,"4,607,616",2016. 4. 29.
100,HYBE BTS 재생목록,BTS,MV,'EPILOGUE : Young Forever' Official MV,https://www.youtube.com/watch?v=LbvE0FV_70U,"39,530,195",2016. 4. 20.
101,HYBE BTS 재생목록,BTS,MV,'RUN -Japanese Ver.-' Official MV,https://www.youtube.com/watch?v=a16gTN7kOWU,"28,601,572",2016. 3. 11.
102,HYBE BTS 재생목록,BTS,MV,'I NEED U (Japanese Ver.)' Official MV,https://www.youtube.com/watch?v=LYAcYSmaLoc,"46,480,419",2015. 12. 2.
103,HYBE BTS 재생목록,BTS,MV,'RUN' Official MV,https://www.youtube.com/watch?v=wKysONrSmew,"84,848,137",2015. 11. 29.
104,HYBE BTS 재생목록,BTS,Teaser,'RUN' Official Teaser,https://www.youtube.com/watch?v=eIUum9MFlD4,"3,923,719",2015. 11. 25.
105,HYBE BTS 재생목록,BTS,,화양연화 pt.2 'Never Mind' Comeback Trailer,https://www.youtube.com/watch?v=LOadwTF77tw,"3,199,932",2015. 11. 18.
106,HYBE BTS 재생목록,BTS,,화양연화 on stage : prologue,https://www.youtube.com/watch?v=Bt8648TNX1M,"14,241,614",2015. 10. 2.
107,HYBE BTS 재생목록,BTS,MV,'쩔어' Official MV,https://www.youtube.com/watch?v=H8lYMWZD5P8,"118,182,044",2015. 6. 24.
108,HYBE BTS 재생목록,BTS,MV,'FOR YOU' Official MV (Dance Ver.),https://www.youtube.com/watch?v=ULStzgQYrqk,"26,110,114",2015. 6. 17.
109,HYBE BTS 재생목록,BTS,MV,'FOR YOU' Official MV,https://www.youtube.com/watch?v=TTG6nxwdhyA,"80,035,506",2015. 6. 5.
110,HYBE BTS 재생목록,BTS,MV,'I NEED U' Official MV (Original ver.),https://www.youtube.com/watch?v=jjskoRh8GTE,"119,239,431",2015. 5. 11.
111,HYBE BTS 재생목록,BTS,MV,'I NEED U' Official MV,https://www.youtube.com/watch?v=DOuhvBJqKVY,"12,357,108",2015. 4. 30.
112,HYBE BTS 재생목록,BTS,,화양연화 pt.1 '花樣年華' Comeback Trailer,https://www.youtube.com/watch?v=IW-ZUAUWgwo,"8,313,109",2015. 4. 18.
113,HYBE BTS 재생목록,RM,MV,농담' MV,https://www.youtube.com/watch?v=TfenCTabhDY,"16,326,473",2015. 3. 27.
114,HYBE BTS 재생목록,RM x Warren G ,MV,P.D.D' MV,https://www.youtube.com/watch?v=WFArWe1MLW8,"1,723,109",2015. 3. 5.
115,HYBE BTS 재생목록,BTS,MV,Danger (Mo-Blue-Mix) ft. THANH' MV,https://www.youtube.com/watch?v=3Wz-KiqFXGc,"3,172,713",2014. 11. 20.
116,HYBE BTS 재생목록,BTS,Teaser,Danger (Mo-Blue-Mix) ft. THANH' Teaser,https://www.youtube.com/watch?v=7Jv2xp-6m_A,"610,593",2014. 11. 14.
117,HYBE BTS 재생목록,BTS,MV,'호르몬전쟁' Official MV,https://www.youtube.com/watch?v=Hhph0_CdUHg,"25,632,660",2014. 10. 22.
118,HYBE BTS 재생목록,BTS,MV,'Danger' Official MV,https://www.youtube.com/watch?v=43r6lXilbcQ,"89,452,529",2014. 8. 19.
119,HYBE BTS 재생목록,BTS,Teaser,'Danger' Official Teaser #1,https://www.youtube.com/watch?v=qSL6ne_7V4k,"1,679,886",2014. 8. 12.
120,HYBE BTS 재생목록,BTS,,DARK & WILD 'What Am I To You' Comeback Trailer,https://www.youtube.com/watch?v=_3OLpHsAR54,"2,886,574",2014. 8. 6.
121,HYBE BTS 재생목록,BTS,,Comeback Trailer,https://www.youtube.com/watch?v=R_nfKfAnZ2A,"1,683,615",2014. 8. 6.
122,HYBE BTS 재생목록,BTS,MV,'하루만 (Just one day)' Official MV,https://www.youtube.com/watch?v=dzAwJW107nk,"37,911,668",2014. 4. 7.
123,HYBE BTS 재생목록,BTS,Teaser,'하루만 (Just one day)' Official Teaser,https://www.youtube.com/watch?v=MtidUkuu3gU,"1,330,444",2014. 4. 3.
124,HYBE BTS 재생목록,BTS,MV,상남자 (Boy In Luv)' Official MV (Choreography Version),https://www.youtube.com/watch?v=4XyPdnTz_Q0,"15,676,026",2014. 2. 21.
125,HYBE BTS 재생목록,BTS,MV,'상남자 (Boy In Luv)' Official MV,https://www.youtube.com/watch?v=LHHjp3IMjMk,"45,571,531",2014. 2. 11.
126,HYBE BTS 재생목록,BTS,Teaser,'상남자 (Boy In Luv)' Official Teaser,https://www.youtube.com/watch?v=OCxBOgjZc6s,"1,569,103",2014. 2. 10.
127,HYBE BTS 재생목록,BTS,,Skool Luv Affair 'Skool Luv Affair' Comeback Trailer,https://www.youtube.com/watch?v=4lKeF2CDGbk,"2,685,524",2014. 2. 3.
128,HYBE BTS 재생목록,BTS,MV,'N.O' Official MV,https://www.youtube.com/watch?v=r5GaAEHvHj0,"92,282,346",2013. 9. 11.
129,HYBE BTS 재생목록,BTS,Teaser,'N.O' Official Teaser #2,https://www.youtube.com/watch?v=GYDncRcwdlE,"953,855",2013. 9. 10.
130,HYBE BTS 재생목록,BTS,Teaser,'N.O' Official Teaser #1,https://www.youtube.com/watch?v=R3017eEgykw,"1,066,437",2013. 9. 6.
131,HYBE BTS 재생목록,BTS,,"O!RUL8,2? Comeback Trailer",https://www.youtube.com/watch?v=DHAk3T_gqBQ,"3,762,978",2013. 9. 4.
132,HYBE BTS 재생목록,BTS,,방탄소년단 Comeback trailer,https://www.youtube.com/watch?v=fglrRHHSO7A,"1,849,358",2013. 8. 28.
133,HYBE BTS 재생목록,BTS,MV,'We Are Bulletproof Pt.2' Official MV,https://www.youtube.com/watch?v=lE9lkSdtZeQ,"61,534,082",2013. 7. 16.
134,HYBE BTS 재생목록,BTS,MV,No More Dream (Dance ver.) MV,https://www.youtube.com/watch?v=pUkViXyQTI4,"64,368,191",2013. 6. 17.
135,HYBE BTS 재생목록,BTS,MV,No More Dream(노 모어 드림) MV,https://www.youtube.com/watch?v=pw540DtB5mM,"13,876,855",2013. 6. 12.
136,HYBE BTS 재생목록,BTS,MV,No More Dream' Official MV (Choreography Version),https://www.youtube.com/watch?v=l15_-4-_QO8,"5,553,090",2013. 6. 17.
137,HYBE BTS 재생목록,BTS,MV,'No More Dream' Official MV,https://www.youtube.com/watch?v=rBG5L7UsUxA,"218,218,168",2013. 6. 12.
138,HYBE BTS 재생목록,BTS,Teaser,'No More Dream' Official Teaser #2,https://www.youtube.com/watch?v=f7rUjOadhwo,"2,448,224",2013. 6. 10.
139,HYBE BTS 재생목록,BTS,Teaser,'No More Dream' Official Teaser #1,https://www.youtube.com/watch?v=ZjEnJif3mGM,"3,915,493",2013. 6. 6.
140,HYBE BTS 재생목록,BTS,,Debut Trailer,https://www.youtube.com/watch?v=Ya65AfxLesU,"5,681,246",2013. 5. 27.
141,1theK,BTS,MV,Boy In Luv(상남자),https://www.youtube.com/watch?v=m8MfJg68oCs,"387,522,600",2014. 2. 11.
142,1theK,BTS,MV,Danger,https://www.youtube.com/watch?v=bagj78IQ3l0,"167,550,162",2014. 8. 19.
143,1theK,BTS,MV,DOPE(쩔어),https://www.youtube.com/watch?v=BVwAVbKYYeM,"668,085,541",2015. 6. 24.
144,1theK,BTS,MV,EPILOGUE : Young Forever,https://www.youtube.com/watch?v=HBj4y9Zibao,"75,328,476",2016. 4. 20.
145,1theK,BTS,MV,FIRE (불타오르네),https://www.youtube.com/watch?v=ALj5MKjy2BU,"707,258,914",2016. 5. 2.
146,1theK,BTS,MV,I NEED U,https://www.youtube.com/watch?v=NMdTd9e-LEI,"224,236,582",2015. 4. 30.
147,1theK,BTS,MV,Just One Day(하루만),https://www.youtube.com/watch?v=DTcKkcyS410,"174,543,502",2014. 4. 7.
148,1theK,BTS,MV,No More Dream (Dance ver.),https://www.youtube.com/watch?v=pUkViXyQTI4,"64,368,191",2013. 6. 17.
149,1theK,BTS,MV,No More Dream(노 모어 드림),https://www.youtube.com/watch?v=pw540DtB5mM,"13,876,855",2013. 6. 12.
150,1theK,BTS,MV,Run,https://www.youtube.com/watch?v=5Wn85Ge22FQ,"165,047,144",2015. 11. 30.
151,1theK,BTS,MV,War of Hormone(호르몬 전쟁),https://www.youtube.com/watch?v=XQmpVHUi-0A,"281,410,960",2014. 10. 22.
152,1theK,BTS,MV,We Are Bulletproof Pt2(위 아 불렛프루프 Pt.2),https://www.youtube.com/watch?v=gqhWHy0rrtM,"145,019,485",2013. 7. 17.
